{"Modules":[{"Key":"","Source":"","Dir":"."},{"Key":"compute","Source":"./compute","Dir":"compute"},{"Key":"compute.eks","Source":"registry.terraform.io/terraform-aws-modules/eks/aws","Version":"18.29.0","Dir":".terraform/modules/compute.eks"},{"Key":"compute.eks.eks_managed_node_group","Source":"./modules/eks-managed-node-group","Dir":".terraform/modules/compute.eks/modules/eks-managed-node-group"},{"Key":"compute.eks.eks_managed_node_group.user_data","Source":"../_user_data","Dir":".terraform/modules/compute.eks/modules/_user_data"},{"Key":"compute.eks.fargate_profile","Source":"./modules/fargate-profile","Dir":".terraform/modules/compute.eks/modules/fargate-profile"},{"Key":"compute.eks.kms","Source":"registry.terraform.io/terraform-aws-modules/kms/aws","Version":"1.0.2","Dir":".terraform/modules/compute.eks.kms"},{"Key":"compute.eks.self_managed_node_group","Source":"./modules/self-managed-node-group","Dir":".terraform/modules/compute.eks/modules/self-managed-node-group"},{"Key":"compute.eks.self_managed_node_group.user_data","Source":"../_user_data","Dir":".terraform/modules/compute.eks/modules/_user_data"},{"Key":"vpc","Source":"./vpc","Dir":"vpc"}]}